symbol,company_name,expiration_date,current_stock_price,target_percent_of_current_price,calculated_90_percent_price,selected_put_strike,bid,ask,midpoint_premium,midpoint_formula,last_price,volume,open_interest,quote_timestamp,status,message
A,"Agilent Technologies, Inc.",2026-05-29,,90.0,,,,,,(bid + ask) / 2,,,,,no_option_chain,No put option chain returned for selected expiration.
AAPL,AAPL,2026-05-29,312.51,90.0,281.259,280.0,0.0,0.02,0.01,(bid + ask) / 2,0.01,78.0,4657.0,2026-05-28 15:59:59,ok,
ABBV,ABBV,2026-05-29,218.63,90.0,196.767,195.0,0.0,0.01,0.005,(bid + ask) / 2,0.01,5.0,173.0,2026-05-28 10:17:28,ok,
ABNB,ABNB,2026-05-29,134.5,90.0,121.05,121.0,0.0,0.03,0.015,(bid + ask) / 2,0.02,15.0,49.0,2026-05-28 15:58:16,ok,
ABT,ABT,2026-05-29,86.3,90.0,77.67,77.0,0.0,1.25,0.625,(bid + ask) / 2,0.05,,28.0,2026-05-28 15:59:58,ok,
ACGL,ACGL,2026-05-29,,90.0,,,,,,(bid + ask) / 2,,,,,no_option_chain,No put option chain returned for selected expiration.
ACN,Accenture plc,2026-05-29,178.4,90.0,160.56,160.0,0.0,0.25,0.125,(bid + ask) / 2,0.05,6.0,975.0,2026-05-28 16:00:04,ok,
ADBE,Adobe Inc.,2026-05-29,241.44,90.0,217.296,215.0,0.01,0.3,0.155,(bid + ask) / 2,0.01,240.0,386.0,2026-05-28 15:59:59,ok,
ADI,"Analog Devices, Inc.",2026-05-29,419.01,90.0,377.109,375.0,0.0,1.1,0.55,(bid + ask) / 2,0.06,4.0,60.0,2026-05-28 16:00:03,ok,
ADM,ADM,2026-05-29,,90.0,,,,,,(bid + ask) / 2,,,,,no_option_chain,No put option chain returned for selected expiration.
ADP,ADP,2026-05-29,219.86,90.0,197.87400000000002,197.5,0.0,1.4,0.7,(bid + ask) / 2,0.0,,0.0,2026-05-28 15:59:59,ok,
ADSK,ADSK,2026-05-29,240.95,90.0,216.855,215.0,1.1,2.2,1.6500000000000001,(bid + ask) / 2,1.65,730.0,125.0,2026-05-28 16:00:04,ok,
AEE,AEE,2026-05-29,,90.0,,,,,,(bid + ask) / 2,,,,,no_option_chain,No put option chain returned for selected expiration.
AEP,AEP,2026-05-29,,90.0,,,,,,(bid + ask) / 2,,,,,no_option_chain,No put option chain returned for selected expiration.
AES,AES,2026-05-29,14.69,90.0,13.221,13.0,0.0,0.01,0.005,(bid + ask) / 2,0.01,,15.0,2026-05-28 10:36:16,ok,
AFL,AFL,2026-05-29,112.63,90.0,101.367,101.0,0.0,0.05,0.025,(bid + ask) / 2,0.0,,0.0,2026-05-28 15:41:18,ok,
AIG,AIG,2026-05-29,74.4,90.0,66.96000000000001,66.0,0.0,0.25,0.125,(bid + ask) / 2,0.05,,2.0,2026-05-28 15:57:11,ok,
AIZ,AIZ,2026-05-29,,90.0,,,,,,(bid + ask) / 2,,,,,no_option_chain,No put option chain returned for selected expiration.
AJG,AJG,2026-05-29,,90.0,,,,,,(bid + ask) / 2,,,,,no_option_chain,No put option chain returned for selected expiration.
AKAM,AKAM,2026-05-29,143.13,90.0,128.817,128.0,0.0,1.5,0.75,(bid + ask) / 2,0.67,,21.0,2026-05-28 15:59:08,ok,
ALB,ALB,2026-05-29,176.32,90.0,158.688,157.5,0.0,0.21,0.105,(bid + ask) / 2,0.1,1.0,38.0,2026-05-28 15:59:51,ok,
ALGN,ALGN,2026-05-29,173.25,90.0,155.925,155.0,0.0,0.4,0.2,(bid + ask) / 2,0.1,43.0,153.0,2026-05-28 16:00:01,ok,
ALL,ALL,2026-05-29,,90.0,,,,,,(bid + ask) / 2,,,,,no_option_chain,No put option chain returned for selected expiration.
ALLE,ALLE,2026-05-29,,90.0,,,,,,(bid + ask) / 2,,,,,no_option_chain,No put option chain returned for selected expiration.
ALNY,ALNY,2026-05-29,,90.0,,,,,,(bid + ask) / 2,,,,,no_option_chain,No put option chain returned for selected expiration.
AMAT,AMAT,2026-05-29,449.68,90.0,404.712,402.5,0.01,0.55,0.28,(bid + ask) / 2,0.12,12.0,90.0,2026-05-28 16:00:00,ok,
AMCR,AMCR,2026-05-29,,90.0,,,,,,(bid + ask) / 2,,,,,no_option_chain,No put option chain returned for selected expiration.
AMD,"Advanced Micro Devices, Inc.",2026-05-29,518.09,90.0,466.28100000000006,465.0,0.21,0.3,0.255,(bid + ask) / 2,0.25,1439.0,1730.0,2026-05-28 15:59:59,ok,
AME,AME,2026-05-29,,90.0,,,,,,(bid + ask) / 2,,,,,no_option_chain,No put option chain returned for selected expiration.
AMGN,AMGN,2026-05-29,336.48,90.0,302.83200000000005,302.5,0.0,4.8,2.4,(bid + ask) / 2,0.5,,1.0,2026-05-28 15:55:26,ok,
AMP,AMP,2026-05-29,,90.0,,,,,,(bid + ask) / 2,,,,,no_option_chain,No put option chain returned for selected expiration.
AMT,AMT,2026-05-29,,90.0,,,,,,(bid + ask) / 2,,,,,no_option_chain,No put option chain returned for selected expiration.
AMZN,"Amazon.com, Inc.",2026-05-29,274.0,90.0,246.6,245.0,0.0,0.01,0.005,(bid + ask) / 2,0.01,253.0,5045.0,2026-05-28 15:58:22,ok,
ANET,ANET,2026-05-29,155.27,90.0,139.74300000000002,139.0,0.0,0.1,0.05,(bid + ask) / 2,0.07,1.0,55.0,2026-05-28 15:59:41,ok,
AON,AON,2026-05-29,,90.0,,,,,,(bid + ask) / 2,,,,,no_option_chain,No put option chain returned for selected expiration.
AOS,AOS,2026-05-29,,90.0,,,,,,(bid + ask) / 2,,,,,no_option_chain,No put option chain returned for selected expiration.
APA,APA,2026-05-29,36.53,90.0,32.877,32.5,0.01,0.3,0.155,(bid + ask) / 2,0.03,146.0,17.0,2026-05-28 15:59:41,ok,
APD,APD,2026-05-29,,90.0,,,,,,(bid + ask) / 2,,,,,no_option_chain,No put option chain returned for selected expiration.
APH,Amphenol Corporation,2026-05-29,,90.0,,,,,,(bid + ask) / 2,,,,,no_option_chain,No put option chain returned for selected expiration.
APO,APO,2026-05-29,127.51,90.0,114.759,114.0,0.0,0.05,0.025,(bid + ask) / 2,0.23,,5.0,2026-05-28 15:49:52,ok,
APP,APP,2026-05-29,599.89,90.0,539.901,537.5,0.0,0.7,0.35,(bid + ask) / 2,0.3,152.0,54.0,2026-05-28 16:00:03,ok,
APTV,APTV,2026-05-29,,90.0,,,,,,(bid + ask) / 2,,,,,no_option_chain,No put option chain returned for selected expiration.
ARE,ARE,2026-05-29,,90.0,,,,,,(bid + ask) / 2,,,,,no_option_chain,No put option chain returned for selected expiration.
ARES,ARES,2026-05-29,126.0,90.0,113.4,113.0,0.0,0.25,0.125,(bid + ask) / 2,0.38,,4.0,2026-05-28 16:00:00,ok,
ARM,ARM,2026-05-29,335.27,90.0,301.743,300.0,0.2,0.24,0.22,(bid + ask) / 2,0.24,1393.0,4550.0,2026-05-28 15:59:59,ok,
ASML,ASML,2026-05-29,1605.77,90.0,1445.193,1445.0,0.0,0.6,0.3,(bid + ask) / 2,0.2,12.0,506.0,2026-05-28 15:59:59,ok,
ATO,ATO,2026-05-29,,90.0,,,,,,(bid + ask) / 2,,,,,no_option_chain,No put option chain returned for selected expiration.
AVB,AVB,2026-05-29,,90.0,,,,,,(bid + ask) / 2,,,,,no_option_chain,No put option chain returned for selected expiration.
AVGO,Broadcom Inc.,2026-05-29,426.58,90.0,383.92199999999997,382.5,0.02,0.05,0.035,(bid + ask) / 2,0.06,100.0,485.0,2026-05-28 15:59:59,ok,
AVY,AVY,2026-05-29,,90.0,,,,,,(bid + ask) / 2,,,,,no_option_chain,No put option chain returned for selected expiration.
AWK,AWK,2026-05-29,,90.0,,,,,,(bid + ask) / 2,,,,,no_option_chain,No put option chain returned for selected expiration.
AXON,AXON,2026-05-29,439.32,90.0,395.388,395.0,0.0,0.7,0.35,(bid + ask) / 2,0.2,7.0,7.0,2026-05-28 15:59:59,ok,
AXP,AXP,2026-05-29,315.12,90.0,283.608,282.5,0.0,0.06,0.03,(bid + ask) / 2,0.03,3.0,43.0,2026-05-28 15:11:21,ok,
AZO,AZO,2026-05-29,,90.0,,,,,,(bid + ask) / 2,,,,,no_option_chain,No put option chain returned for selected expiration.
BA,BA,2026-05-29,228.78,90.0,205.90200000000002,205.0,0.01,0.04,0.025,(bid + ask) / 2,0.02,50.0,679.0,2026-05-28 15:59:59,ok,
BAC,BAC,2026-05-29,50.77,90.0,45.693000000000005,45.5,0.0,0.02,0.01,(bid + ask) / 2,0.02,,8.0,2026-05-28 16:00:01,ok,
BALL,BALL,2026-05-29,,90.0,,,,,,(bid + ask) / 2,,,,,no_option_chain,No put option chain returned for selected expiration.
BAX,BAX,2026-05-29,19.25,90.0,17.325,17.0,0.0,0.7,0.35,(bid + ask) / 2,0.1,1.0,114.0,2026-05-28 15:58:52,ok,
BBY,BBY,2026-05-29,74.74,90.0,67.26599999999999,67.0,0.0,0.05,0.025,(bid + ask) / 2,0.06,2.0,23.0,2026-05-28 15:57:36,ok,
BDX,BDX,2026-05-29,,90.0,,,,,,(bid + ask) / 2,,,,,no_option_chain,No put option chain returned for selected expiration.
BEN,BEN,2026-05-29,,90.0,,,,,,(bid + ask) / 2,,,,,no_option_chain,No put option chain returned for selected expiration.
BF-B,BF-B,2026-05-29,,90.0,,,,,,(bid + ask) / 2,,,,,api_error,Schwab request failed (400): 400 Client Error: Bad Request for url: https://api.schwabapi.com/marketdata/v1/chains?symbol=BF-B&contractType=PUT&strategy=SINGLE&includeUnderlyingQuote=true&fromDate=2026-05-29&toDate=2026-05-29&range=ALL
BG,BG,2026-05-29,,90.0,,,,,,(bid + ask) / 2,,,,,no_option_chain,No put option chain returned for selected expiration.
BIIB,BIIB,2026-05-29,196.39,90.0,176.751,175.0,0.0,2.15,1.075,(bid + ask) / 2,1.05,,12.0,2026-05-28 15:59:54,ok,
BK,BK,2026-05-29,,90.0,,,,,,(bid + ask) / 2,,,,,api_error,Schwab request failed (400): 400 Client Error: Bad Request for url: https://api.schwabapi.com/marketdata/v1/chains?symbol=BK&contractType=PUT&strategy=SINGLE&includeUnderlyingQuote=true&fromDate=2026-05-29&toDate=2026-05-29&range=ALL
BKNG,BKNG,2026-05-29,169.82,90.0,152.838,152.5,0.0,0.05,0.025,(bid + ask) / 2,0.14,2.0,686.0,2026-05-28 11:41:13,ok,
BKR,BKR,2026-05-29,,90.0,,,,,,(bid + ask) / 2,,,,,no_option_chain,No put option chain returned for selected expiration.
BLDR,BLDR,2026-05-29,,90.0,,,,,,(bid + ask) / 2,,,,,no_option_chain,No put option chain returned for selected expiration.
BLK,BLK,2026-05-29,1046.49,90.0,941.841,940.0,0.0,1.25,0.625,(bid + ask) / 2,0.5,,7.0,2026-05-28 15:59:31,ok,
BMY,BMY,2026-05-29,56.91,90.0,51.219,51.0,0.0,0.42,0.21,(bid + ask) / 2,0.01,,14.0,2026-05-28 16:00:01,ok,
BR,BR,2026-05-29,,90.0,,,,,,(bid + ask) / 2,,,,,no_option_chain,No put option chain returned for selected expiration.
BRK-B,BRK-B,2026-05-29,,90.0,,,,,,(bid + ask) / 2,,,,,api_error,Schwab request failed (400): 400 Client Error: Bad Request for url: https://api.schwabapi.com/marketdata/v1/chains?symbol=BRK-B&contractType=PUT&strategy=SINGLE&includeUnderlyingQuote=true&fromDate=2026-05-29&toDate=2026-05-29&range=ALL
BRO,BRO,2026-05-29,,90.0,,,,,,(bid + ask) / 2,,,,,no_option_chain,No put option chain returned for selected expiration.
BSX,BSX,2026-05-29,49.11,90.0,44.199,44.0,0.0,0.3,0.15,(bid + ask) / 2,0.05,,1.0,2026-05-28 15:59:59,ok,
BX,BX,2026-05-29,116.14,90.0,104.526,104.0,0.0,0.04,0.02,(bid + ask) / 2,0.05,1.0,24.0,2026-05-28 15:59:46,ok,
BXP,BXP,2026-05-29,,90.0,,,,,,(bid + ask) / 2,,,,,no_option_chain,No put option chain returned for selected expiration.
C,C,2026-05-29,124.68,90.0,112.212,112.0,0.0,0.23,0.115,(bid + ask) / 2,0.05,1.0,102.0,2026-05-28 15:59:59,ok,
CAG,CAG,2026-05-29,13.38,90.0,12.042000000000002,12.0,0.0,0.05,0.025,(bid + ask) / 2,0.08,3.0,3.0,2026-05-28 15:36:39,ok,
CAH,CAH,2026-05-29,199.85,90.0,179.865,177.5,0.0,0.15,0.075,(bid + ask) / 2,0.86,,20.0,2026-05-28 15:59:43,ok,
CARR,CARR,2026-05-29,63.81,90.0,57.429,57.0,0.0,0.75,0.375,(bid + ask) / 2,0.25,,4.0,2026-05-28 15:59:52,ok,
CASY,"Casey's General Stores, Inc.",2026-05-29,,90.0,,,,,,(bid + ask) / 2,,,,,no_option_chain,No put option chain returned for selected expiration.
CAT,CAT,2026-05-29,887.67,90.0,798.903,795.0,0.0,0.65,0.325,(bid + ask) / 2,0.3,,77.0,2026-05-28 15:59:50,ok,
CB,CB,2026-05-29,,90.0,,,,,,(bid + ask) / 2,,,,,no_option_chain,No put option chain returned for selected expiration.
CBOE,CBOE,2026-05-29,344.24,90.0,309.81600000000003,305.0,0.0,2.15,1.075,(bid + ask) / 2,1.64,,7.0,2026-05-28 14:29:20,ok,
CBRE,CBRE,2026-05-29,,90.0,,,,,,(bid + ask) / 2,,,,,no_option_chain,No put option chain returned for selected expiration.
CCEP,CCEP,2026-05-29,,90.0,,,,,,(bid + ask) / 2,,,,,no_option_chain,No put option chain returned for selected expiration.
CCI,CCI,2026-05-29,,90.0,,,,,,(bid + ask) / 2,,,,,no_option_chain,No put option chain returned for selected expiration.
CCL,CCL,2026-05-29,27.94,90.0,25.146,25.0,0.0,0.03,0.015,(bid + ask) / 2,0.01,543.0,3042.0,2026-05-28 15:59:59,ok,
CDNS,CDNS,2026-05-29,373.85,90.0,336.46500000000003,335.0,0.0,2.15,1.075,(bid + ask) / 2,0.81,,13.0,2026-05-28 15:59:34,ok,
CDW,CDW,2026-05-29,,90.0,,,,,,(bid + ask) / 2,,,,,no_option_chain,No put option chain returned for selected expiration.
CEG,CEG,2026-05-29,286.31,90.0,257.67900000000003,257.5,0.0,0.95,0.475,(bid + ask) / 2,0.15,,26.0,2026-05-28 15:59:57,ok,
CF,CF,2026-05-29,116.5,90.0,104.85000000000001,104.0,0.0,0.3,0.15,(bid + ask) / 2,0.1,,26.0,2026-05-28 15:59:59,ok,
CFG,CFG,2026-05-29,,90.0,,,,,,(bid + ask) / 2,,,,,no_option_chain,No put option chain returned for selected expiration.
CHD,CHD,2026-05-29,,90.0,,,,,,(bid + ask) / 2,,,,,no_option_chain,No put option chain returned for selected expiration.
CHRW,"C.H. Robinson Worldwide, Inc.",2026-05-29,,90.0,,,,,,(bid + ask) / 2,,,,,no_option_chain,No put option chain returned for selected expiration.
CHTR,CHTR,2026-05-29,147.26,90.0,132.534,132.0,0.0,0.6,0.3,(bid + ask) / 2,0.75,,5.0,2026-05-28 15:59:59,ok,
CI,CI,2026-05-29,284.33,90.0,255.897,255.0,0.0,0.4,0.2,(bid + ask) / 2,0.11,,11.0,2026-05-28 15:59:41,ok,
CIEN,CIEN,2026-05-29,570.18,90.0,513.1619999999999,512.5,0.0,2.15,1.075,(bid + ask) / 2,1.18,,3.0,2026-05-28 15:55:59,ok,
CINF,CINF,2026-05-29,,90.0,,,,,,(bid + ask) / 2,,,,,no_option_chain,No put option chain returned for selected expiration.
CL,CL,2026-05-29,91.66,90.0,82.494,82.0,0.0,0.05,0.025,(bid + ask) / 2,0.3,,18.0,2026-05-28 15:43:58,ok,
CLX,CLX,2026-05-29,,90.0,,,,,,(bid + ask) / 2,,,,,no_option_chain,No put option chain returned for selected expiration.
CMCSA,CMCSA,2026-05-29,25.16,90.0,22.644000000000002,22.0,0.0,0.02,0.01,(bid + ask) / 2,0.01,,14784.0,2026-05-28 15:56:00,ok,
CME,CME,2026-05-29,277.42,90.0,249.67800000000003,245.0,0.0,2.15,1.075,(bid + ask) / 2,0.0,,0.0,2026-05-28 15:59:59,ok,
CMG,"Chipotle Mexican Grill, Inc.",2026-05-29,32.42,90.0,29.178,29.0,0.0,0.05,0.025,(bid + ask) / 2,0.01,42.0,324.0,2026-05-28 15:59:58,ok,
CMI,CMI,2026-05-29,,90.0,,,,,,(bid + ask) / 2,,,,,no_option_chain,No put option chain returned for selected expiration.
CMS,CMS,2026-05-29,,90.0,,,,,,(bid + ask) / 2,,,,,no_option_chain,No put option chain returned for selected expiration.
CNC,CNC,2026-05-29,58.91,90.0,53.019,53.0,0.0,0.37,0.185,(bid + ask) / 2,0.08,,93.0,2026-05-28 15:58:34,ok,
CNP,CNP,2026-05-29,,90.0,,,,,,(bid + ask) / 2,,,,,no_option_chain,No put option chain returned for selected expiration.
COF,Capital One Financial Corporation,2026-05-29,187.02,90.0,168.318,167.5,0.0,0.85,0.425,(bid + ask) / 2,0.05,1.0,1.0,2026-05-28 15:59:59,ok,
COHR,COHR,2026-05-29,376.95,90.0,339.255,337.5,0.1,0.4,0.25,(bid + ask) / 2,0.32,24.0,1160.0,2026-05-28 16:00:01,ok,
COIN,COIN,2026-05-29,182.25,90.0,164.025,162.5,0.03,0.05,0.04,(bid + ask) / 2,0.03,687.0,874.0,2026-05-28 15:59:59,ok,
COO,COO,2026-05-29,,90.0,,,,,,(bid + ask) / 2,,,,,no_option_chain,No put option chain returned for selected expiration.
COP,COP,2026-05-29,114.99,90.0,103.491,103.0,0.0,0.28,0.14,(bid + ask) / 2,0.03,2.0,3.0,2026-05-28 15:59:59,ok,
COR,COR,2026-05-29,,90.0,,,,,,(bid + ask) / 2,,,,,no_option_chain,No put option chain returned for selected expiration.
COST,Costco Wholesale Corporation,2026-05-29,995.2,90.0,895.6800000000001,895.0,0.13,0.34,0.23500000000000001,(bid + ask) / 2,0.23,128.0,188.0,2026-05-28 15:50:12,ok,
CPAY,CPAY,2026-05-29,,90.0,,,,,,(bid + ask) / 2,,,,,no_option_chain,No put option chain returned for selected expiration.
CPB,CPB,2026-05-29,20.8,90.0,18.720000000000002,18.5,0.0,0.05,0.025,(bid + ask) / 2,0.05,,133.0,2026-05-28 15:59:50,ok,
CPRT,"Copart, Inc.",2026-05-29,,90.0,,,,,,(bid + ask) / 2,,,,,no_option_chain,No put option chain returned for selected expiration.
CPT,CPT,2026-05-29,,90.0,,,,,,(bid + ask) / 2,,,,,no_option_chain,No put option chain returned for selected expiration.
CRH,CRH,2026-05-29,106.76,90.0,96.084,96.0,0.0,0.95,0.475,(bid + ask) / 2,0.24,,9.0,2026-05-28 15:59:51,ok,
CRL,CRL,2026-05-29,,90.0,,,,,,(bid + ask) / 2,,,,,no_option_chain,No put option chain returned for selected expiration.
CRM,CRM,2026-05-29,176.17,90.0,158.553,157.5,0.01,0.02,0.015,(bid + ask) / 2,0.02,733.0,1169.0,2026-05-28 15:59:59,ok,
CRWD,CRWD,2026-05-29,671.0,90.0,603.9,602.5,0.0,0.53,0.265,(bid + ask) / 2,0.05,23.0,70.0,2026-05-28 15:59:51,ok,
CSCO,CSCO,2026-05-29,118.64,90.0,106.776,106.0,0.0,0.09,0.045,(bid + ask) / 2,0.02,7.0,252.0,2026-05-28 15:59:58,ok,
CSGP,CSGP,2026-05-29,,90.0,,,,,,(bid + ask) / 2,,,,,no_option_chain,No put option chain returned for selected expiration.
CSX,CSX,2026-05-29,45.81,90.0,41.229000000000006,41.0,0.0,0.05,0.025,(bid + ask) / 2,0.05,,2.0,2026-05-28 15:38:56,ok,
CTAS,Cintas Corporation,2026-05-29,173.06,90.0,155.75400000000002,155.0,0.0,0.25,0.125,(bid + ask) / 2,0.05,,17.0,2026-05-28 16:00:03,ok,
CTSH,CTSH,2026-05-29,,90.0,,,,,,(bid + ask) / 2,,,,,no_option_chain,No put option chain returned for selected expiration.
CTVA,CTVA,2026-05-29,,90.0,,,,,,(bid + ask) / 2,,,,,no_option_chain,No put option chain returned for selected expiration.
CVNA,CVNA,2026-05-29,73.49,90.0,66.14099999999999,66.0,0.0,0.08,0.04,(bid + ask) / 2,0.03,17.0,951.0,2026-05-28 15:59:57,ok,
CVS,CVS,2026-05-29,92.97,90.0,83.673,83.0,0.0,2.13,1.065,(bid + ask) / 2,0.06,,23.0,2026-05-28 15:59:59,ok,
CVX,CVX,2026-05-29,183.03,90.0,164.727,162.5,0.0,0.12,0.06,(bid + ask) / 2,0.0,,0.0,2026-05-28 15:59:59,ok,
D,D,2026-05-29,,90.0,,,,,,(bid + ask) / 2,,,,,no_option_chain,No put option chain returned for selected expiration.
DAL,DAL,2026-05-29,82.49,90.0,74.241,74.0,0.0,0.03,0.015,(bid + ask) / 2,0.01,14.0,764.0,2026-05-28 15:59:59,ok,
DASH,DASH,2026-05-29,156.7,90.0,141.03,141.0,0.01,0.45,0.23,(bid + ask) / 2,0.02,4.0,8.0,2026-05-28 15:59:56,ok,
DD,DD,2026-05-29,,90.0,,,,,,(bid + ask) / 2,,,,,no_option_chain,No put option chain returned for selected expiration.
DDOG,DDOG,2026-05-29,225.24,90.0,202.716,202.5,0.0,0.36,0.18,(bid + ask) / 2,0.07,58.0,99.0,2026-05-28 15:59:59,ok,
DE,DE,2026-05-29,539.0,90.0,485.1,485.0,0.0,4.8,2.4,(bid + ask) / 2,2.97,,2.0,2026-05-28 15:57:28,ok,
DECK,DECK,2026-05-29,114.31,90.0,102.879,102.0,0.0,0.3,0.15,(bid + ask) / 2,0.15,7.0,15.0,2026-05-28 15:59:59,ok,
DELL,DELL,2026-05-29,317.05,90.0,285.345,285.0,2.55,3.75,3.15,(bid + ask) / 2,3.1,1524.0,315.0,2026-05-28 16:00:00,ok,
DG,DG,2026-05-29,109.9,90.0,98.91000000000001,98.5,0.0,0.25,0.125,(bid + ask) / 2,0.02,32.0,38.0,2026-05-28 15:59:59,ok,
DGX,DGX,2026-05-29,,90.0,,,,,,(bid + ask) / 2,,,,,no_option_chain,No put option chain returned for selected expiration.
DHI,DHI,2026-05-29,146.92,90.0,132.22799999999998,132.0,0.0,1.3,0.65,(bid + ask) / 2,0.05,,8.0,2026-05-28 15:59:02,ok,
DHR,Danaher Corporation,2026-05-29,180.63,90.0,162.567,162.5,0.0,1.0,0.5,(bid + ask) / 2,0.08,,45.0,2026-05-28 15:59:59,ok,
DIS,DIS,2026-05-29,103.73,90.0,93.357,93.0,0.0,0.42,0.21,(bid + ask) / 2,0.03,,53.0,2026-05-28 15:59:59,ok,
DLR,DLR,2026-05-29,191.43,90.0,172.287,170.0,0.0,0.25,0.125,(bid + ask) / 2,0.13,,4.0,2026-05-28 16:00:00,ok,
DLTR,DLTR,2026-05-29,113.0,90.0,101.7,101.0,0.0,1.64,0.82,(bid + ask) / 2,0.19,46.0,2.0,2026-05-28 15:59:56,ok,
DOC,DOC,2026-05-29,,90.0,,,,,,(bid + ask) / 2,,,,,no_option_chain,No put option chain returned for selected expiration.
DOV,DOV,2026-05-29,,90.0,,,,,,(bid + ask) / 2,,,,,no_option_chain,No put option chain returned for selected expiration.
DOW,DOW,2026-05-29,34.77,90.0,31.293000000000003,31.0,0.0,0.24,0.12,(bid + ask) / 2,0.05,1.0,203.0,2026-05-28 15:59:59,ok,
DPZ,DPZ,2026-05-29,,90.0,,,,,,(bid + ask) / 2,,,,,no_option_chain,No put option chain returned for selected expiration.
DRI,DRI,2026-05-29,,90.0,,,,,,(bid + ask) / 2,,,,,no_option_chain,No put option chain returned for selected expiration.
DTE,DTE,2026-05-29,,90.0,,,,,,(bid + ask) / 2,,,,,no_option_chain,No put option chain returned for selected expiration.
DUK,DUK,2026-05-29,,90.0,,,,,,(bid + ask) / 2,,,,,no_option_chain,No put option chain returned for selected expiration.
DVA,DVA,2026-05-29,,90.0,,,,,,(bid + ask) / 2,,,,,no_option_chain,No put option chain returned for selected expiration.
DVN,DVN,2026-05-29,44.11,90.0,39.699,39.0,0.0,0.19,0.095,(bid + ask) / 2,0.03,,5.0,2026-05-28 15:59:59,ok,
DXCM,DXCM,2026-05-29,72.34,90.0,65.10600000000001,65.0,0.0,0.95,0.475,(bid + ask) / 2,0.05,,66.0,2026-05-28 15:59:54,ok,
EA,EA,2026-05-29,201.15,90.0,181.035,180.0,0.0,2.15,1.075,(bid + ask) / 2,0.0,,0.0,2026-05-28 09:37:00,ok,
EBAY,EBAY,2026-05-29,112.13,90.0,100.917,100.0,0.0,0.02,0.01,(bid + ask) / 2,0.34,,398.0,2026-05-28 15:59:43,ok,
ECL,ECL,2026-05-29,,90.0,,,,,,(bid + ask) / 2,,,,,no_option_chain,No put option chain returned for selected expiration.
ED,ED,2026-05-29,,90.0,,,,,,(bid + ask) / 2,,,,,no_option_chain,No put option chain returned for selected expiration.
EFX,EFX,2026-05-29,,90.0,,,,,,(bid + ask) / 2,,,,,no_option_chain,No put option chain returned for selected expiration.
EG,EG,2026-05-29,,90.0,,,,,,(bid + ask) / 2,,,,,no_option_chain,No put option chain returned for selected expiration.
EIX,EIX,2026-05-29,,90.0,,,,,,(bid + ask) / 2,,,,,no_option_chain,No put option chain returned for selected expiration.
EL,EL,2026-05-29,90.87,90.0,81.783,81.0,0.0,0.6,0.3,(bid + ask) / 2,0.24,,50.0,2026-05-28 16:00:00,ok,
ELV,ELV,2026-05-29,,90.0,,,,,,(bid + ask) / 2,,,,,no_option_chain,No put option chain returned for selected expiration.
EME,EME,2026-05-29,,90.0,,,,,,(bid + ask) / 2,,,,,no_option_chain,No put option chain returned for selected expiration.
EMR,EMR,2026-05-29,141.79,90.0,127.61099999999999,127.0,0.0,0.2,0.1,(bid + ask) / 2,1.3,,8.0,2026-05-28 15:59:59,ok,
EOG,EOG,2026-05-29,134.58,90.0,121.12200000000001,121.0,0.0,1.05,0.525,(bid + ask) / 2,0.35,,1.0,2026-05-28 16:00:04,ok,
EPAM,EPAM,2026-05-29,,90.0,,,,,,(bid + ask) / 2,,,,,no_option_chain,No put option chain returned for selected expiration.
EQIX,EQIX,2026-05-29,,90.0,,,,,,(bid + ask) / 2,,,,,no_option_chain,No put option chain returned for selected expiration.
EQR,EQR,2026-05-29,,90.0,,,,,,(bid + ask) / 2,,,,,no_option_chain,No put option chain returned for selected expiration.
EQT,EQT,2026-05-29,55.35,90.0,49.815000000000005,49.0,0.0,0.03,0.015,(bid + ask) / 2,0.02,6.0,8620.0,2026-05-28 16:00:03,ok,
ERIE,ERIE,2026-05-29,,90.0,,,,,,(bid + ask) / 2,,,,,no_option_chain,No put option chain returned for selected expiration.
ES,ES,2026-05-29,,90.0,,,,,,(bid + ask) / 2,,,,,no_option_chain,No put option chain returned for selected expiration.
ESS,ESS,2026-05-29,,90.0,,,,,,(bid + ask) / 2,,,,,no_option_chain,No put option chain returned for selected expiration.
ETN,ETN,2026-05-29,401.94,90.0,361.746,360.0,0.0,1.8,0.9,(bid + ask) / 2,0.1,,49.0,2026-05-28 15:59:47,ok,
ETR,ETR,2026-05-29,,90.0,,,,,,(bid + ask) / 2,,,,,no_option_chain,No put option chain returned for selected expiration.
EVRG,EVRG,2026-05-29,,90.0,,,,,,(bid + ask) / 2,,,,,no_option_chain,No put option chain returned for selected expiration.
EW,EW,2026-05-29,,90.0,,,,,,(bid + ask) / 2,,,,,no_option_chain,No put option chain returned for selected expiration.
EXC,EXC,2026-05-29,,90.0,,,,,,(bid + ask) / 2,,,,,no_option_chain,No put option chain returned for selected expiration.
EXE,EXE,2026-05-29,,90.0,,,,,,(bid + ask) / 2,,,,,no_option_chain,No put option chain returned for selected expiration.
EXPD,EXPD,2026-05-29,,90.0,,,,,,(bid + ask) / 2,,,,,no_option_chain,No put option chain returned for selected expiration.
EXPE,EXPE,2026-05-29,227.55,90.0,204.79500000000002,202.5,0.0,0.3,0.15,(bid + ask) / 2,0.1,,65.0,2026-05-28 15:59:59,ok,
EXR,EXR,2026-05-29,,90.0,,,,,,(bid + ask) / 2,,,,,no_option_chain,No put option chain returned for selected expiration.
F,F,2026-05-29,16.65,90.0,14.985,14.5,0.0,0.01,0.005,(bid + ask) / 2,0.01,286.0,6702.0,2026-05-28 15:59:59,ok,
FANG,FANG,2026-05-29,,90.0,,,,,,(bid + ask) / 2,,,,,no_option_chain,No put option chain returned for selected expiration.
FAST,Fastenal Company,2026-05-29,,90.0,,,,,,(bid + ask) / 2,,,,,no_option_chain,No put option chain returned for selected expiration.
FCX,FCX,2026-05-29,65.87,90.0,59.28300000000001,59.0,0.0,0.03,0.015,(bid + ask) / 2,0.03,166.0,665.0,2026-05-28 15:55:49,ok,
FDS,FDS,2026-05-29,,90.0,,,,,,(bid + ask) / 2,,,,,no_option_chain,No put option chain returned for selected expiration.
FDX,FDX,2026-05-29,411.4,90.0,370.26,370.0,0.0,0.15,0.075,(bid + ask) / 2,0.17,,87.0,2026-05-28 15:40:22,ok,
FE,FE,2026-05-29,,90.0,,,,,,(bid + ask) / 2,,,,,no_option_chain,No put option chain returned for selected expiration.
FER,FER,2026-05-29,,90.0,,,,,,(bid + ask) / 2,,,,,no_option_chain,No put option chain returned for selected expiration.
FFIV,"F5, Inc.",2026-05-29,,90.0,,,,,,(bid + ask) / 2,,,,,no_option_chain,No put option chain returned for selected expiration.
FICO,FICO,2026-05-29,,90.0,,,,,,(bid + ask) / 2,,,,,no_option_chain,No put option chain returned for selected expiration.
FIS,FIS,2026-05-29,42.22,90.0,37.998,37.0,0.0,1.05,0.525,(bid + ask) / 2,0.17,,11.0,2026-05-28 16:00:00,ok,
FISV,FISV,2026-05-29,55.83,90.0,50.247,50.0,0.0,0.05,0.025,(bid + ask) / 2,0.01,,458.0,2026-05-28 11:21:43,ok,
FITB,FITB,2026-05-29,,90.0,,,,,,(bid + ask) / 2,,,,,no_option_chain,No put option chain returned for selected expiration.
FIX,FIX,2026-05-29,,90.0,,,,,,(bid + ask) / 2,,,,,no_option_chain,No put option chain returned for selected expiration.
FOX,FOX,2026-05-29,,90.0,,,,,,(bid + ask) / 2,,,,,no_option_chain,No put option chain returned for selected expiration.
FOXA,FOXA,2026-05-29,,90.0,,,,,,(bid + ask) / 2,,,,,no_option_chain,No put option chain returned for selected expiration.
FRT,FRT,2026-05-29,,90.0,,,,,,(bid + ask) / 2,,,,,no_option_chain,No put option chain returned for selected expiration.
FSLR,FSLR,2026-05-29,303.38,90.0,273.04200000000003,272.5,0.0,0.1,0.05,(bid + ask) / 2,0.3,52.0,51.0,2026-05-28 15:59:35,ok,
FTNT,"Fortinet, Inc.",2026-05-29,129.7,90.0,116.72999999999999,116.0,0.0,2.13,1.065,(bid + ask) / 2,0.09,,42.0,2026-05-28 15:59:59,ok,
FTV,FTV,2026-05-29,,90.0,,,,,,(bid + ask) / 2,,,,,no_option_chain,No put option chain returned for selected expiration.
GD,GD,2026-05-29,348.96,90.0,314.06399999999996,310.0,0.0,0.8,0.4,(bid + ask) / 2,0.18,,27.0,2026-05-28 15:55:54,ok,
GDDY,GDDY,2026-05-29,85.9,90.0,77.31,77.0,0.0,0.75,0.375,(bid + ask) / 2,0.07,,83.0,2026-05-28 16:00:01,ok,
GE,GE,2026-05-29,320.82,90.0,288.738,287.5,0.0,0.1,0.05,(bid + ask) / 2,0.04,18.0,89.0,2026-05-28 15:59:59,ok,
GEHC,GEHC,2026-05-29,62.86,90.0,56.574,56.0,0.0,0.35,0.175,(bid + ask) / 2,0.13,,20.0,2026-05-28 15:59:59,ok,
GEN,Gen Digital Inc.,2026-05-29,,90.0,,,,,,(bid + ask) / 2,,,,,no_option_chain,No put option chain returned for selected expiration.
GEV,GEV,2026-05-29,996.0,90.0,896.4,895.0,0.0,0.95,0.475,(bid + ask) / 2,0.29,2.0,38.0,2026-05-28 15:59:58,ok,
GILD,GILD,2026-05-29,136.22,90.0,122.598,122.0,0.0,0.07,0.035,(bid + ask) / 2,0.16,,4.0,2026-05-28 15:59:59,ok,
GIS,GIS,2026-05-29,,90.0,,,,,,(bid + ask) / 2,,,,,no_option_chain,No put option chain returned for selected expiration.
GL,GL,2026-05-29,,90.0,,,,,,(bid + ask) / 2,,,,,no_option_chain,No put option chain returned for selected expiration.
GLW,GLW,2026-05-29,182.97,90.0,164.673,162.5,0.01,0.08,0.045,(bid + ask) / 2,0.07,124.0,678.0,2026-05-28 15:59:59,ok,
GM,GM,2026-05-29,84.35,90.0,75.91499999999999,75.0,0.0,0.01,0.005,(bid + ask) / 2,0.01,90.0,449.0,2026-05-28 11:23:59,ok,
GNRC,GNRC,2026-05-29,279.45,90.0,251.505,250.0,0.0,1.1,0.55,(bid + ask) / 2,0.14,,31.0,2026-05-28 15:59:54,ok,
GOOG,Alphabet Inc.,2026-05-29,386.12,90.0,347.50800000000004,347.5,0.0,0.04,0.02,(bid + ask) / 2,0.03,,821.0,2026-05-28 15:59:59,ok,
GOOGL,Alphabet Inc.,2026-05-29,390.13,90.0,351.117,350.0,0.0,0.02,0.01,(bid + ask) / 2,0.01,137.0,1157.0,2026-05-28 15:59:59,ok,
GPC,GPC,2026-05-29,,90.0,,,,,,(bid + ask) / 2,,,,,no_option_chain,No put option chain returned for selected expiration.
GPN,GPN,2026-05-29,,90.0,,,,,,(bid + ask) / 2,,,,,no_option_chain,No put option chain returned for selected expiration.
GRMN,GRMN,2026-05-29,,90.0,,,,,,(bid + ask) / 2,,,,,no_option_chain,No put option chain returned for selected expiration.
GS,GS,2026-05-29,1008.37,90.0,907.533,905.0,0.0,0.71,0.355,(bid + ask) / 2,0.17,,336.0,2026-05-28 15:59:59,ok,
GWW,GWW,2026-05-29,,90.0,,,,,,(bid + ask) / 2,,,,,no_option_chain,No put option chain returned for selected expiration.
HAL,HAL,2026-05-29,39.33,90.0,35.397,35.0,0.0,0.22,0.11,(bid + ask) / 2,0.03,1.0,31.0,2026-05-28 15:59:35,ok,
HAS,HAS,2026-05-29,,90.0,,,,,,(bid + ask) / 2,,,,,no_option_chain,No put option chain returned for selected expiration.
HBAN,HBAN,2026-05-29,,90.0,,,,,,(bid + ask) / 2,,,,,no_option_chain,No put option chain returned for selected expiration.
HCA,HCA,2026-05-29,,90.0,,,,,,(bid + ask) / 2,,,,,no_option_chain,No put option chain returned for selected expiration.
HD,HD,2026-05-29,321.21,90.0,289.089,287.5,0.0,0.01,0.005,(bid + ask) / 2,0.03,51.0,176.0,2026-05-28 15:55:50,ok,
HIG,HIG,2026-05-29,,90.0,,,,,,(bid + ask) / 2,,,,,no_option_chain,No put option chain returned for selected expiration.
HII,HII,2026-05-29,,90.0,,,,,,(bid + ask) / 2,,,,,no_option_chain,No put option chain returned for selected expiration.
HLT,HLT,2026-05-29,337.55,90.0,303.795,302.5,0.0,2.15,1.075,(bid + ask) / 2,0.0,,0.0,2026-05-28 15:59:35,ok,
HON,HON,2026-05-29,233.0,90.0,209.70000000000002,207.5,0.0,2.15,1.075,(bid + ask) / 2,0.11,,13.0,2026-05-28 15:59:59,ok,
HOOD,HOOD,2026-05-29,84.84,90.0,76.35600000000001,76.0,0.02,0.06,0.04,(bid + ask) / 2,0.04,3545.0,2327.0,2026-05-28 15:59:59,ok,
HPE,HPE,2026-05-29,38.21,90.0,34.389,34.0,0.0,0.05,0.025,(bid + ask) / 2,0.01,70.0,79.0,2026-05-28 14:58:38,ok,
HPQ,HPQ,2026-05-29,25.01,90.0,22.509,22.5,0.01,0.03,0.02,(bid + ask) / 2,0.02,350.0,2091.0,2026-05-28 15:59:59,ok,
HRL,HRL,2026-05-29,23.59,90.0,21.231,21.0,0.0,0.05,0.025,(bid + ask) / 2,0.03,182.0,459.0,2026-05-28 15:59:42,ok,
HSIC,HSIC,2026-05-29,,90.0,,,,,,(bid + ask) / 2,,,,,no_option_chain,No put option chain returned for selected expiration.
HST,HST,2026-05-29,,90.0,,,,,,(bid + ask) / 2,,,,,no_option_chain,No put option chain returned for selected expiration.
HSY,HSY,2026-05-29,197.04,90.0,177.33599999999998,175.0,0.0,0.95,0.475,(bid + ask) / 2,0.32,,24.0,2026-05-28 15:59:58,ok,
HUBB,HUBB,2026-05-29,,90.0,,,,,,(bid + ask) / 2,,,,,no_option_chain,No put option chain returned for selected expiration.
HUM,HUM,2026-05-29,308.7,90.0,277.83,277.5,0.0,2.55,1.275,(bid + ask) / 2,0.3,,5.0,2026-05-28 16:00:01,ok,
HWM,HWM,2026-05-29,259.89,90.0,233.90099999999998,232.5,0.0,0.3,0.15,(bid + ask) / 2,0.0,,0.0,2026-05-28 15:57:01,ok,
IBKR,IBKR,2026-05-29,83.11,90.0,74.799,74.0,0.0,0.05,0.025,(bid + ask) / 2,0.1,,21.0,2026-05-28 15:26:34,ok,
IBM,International Business Machines Corporation,2026-05-29,264.22,90.0,237.79800000000003,237.5,0.01,0.05,0.030000000000000002,(bid + ask) / 2,0.07,46.0,147.0,2026-05-28 15:59:59,ok,
ICE,ICE,2026-05-29,148.3,90.0,133.47000000000003,130.0,0.0,0.05,0.025,(bid + ask) / 2,0.59,,1.0,2026-05-28 16:00:03,ok,
IDXX,"IDEXX Laboratories, Inc.",2026-05-29,,90.0,,,,,,(bid + ask) / 2,,,,,no_option_chain,No put option chain returned for selected expiration.
IEX,IEX,2026-05-29,,90.0,,,,,,(bid + ask) / 2,,,,,no_option_chain,No put option chain returned for selected expiration.
IFF,IFF,2026-05-29,,90.0,,,,,,(bid + ask) / 2,,,,,no_option_chain,No put option chain returned for selected expiration.
INCY,INCY,2026-05-29,,90.0,,,,,,(bid + ask) / 2,,,,,no_option_chain,No put option chain returned for selected expiration.
INSM,INSM,2026-05-29,,90.0,,,,,,(bid + ask) / 2,,,,,no_option_chain,No put option chain returned for selected expiration.
INTC,Intel Corporation,2026-05-29,120.89,90.0,108.801,108.0,0.08,0.13,0.10500000000000001,(bid + ask) / 2,0.11,2373.0,2233.0,2026-05-28 16:00:00,ok,
INTU,INTU,2026-05-29,313.0,90.0,281.7,280.0,0.05,0.1,0.07500000000000001,(bid + ask) / 2,0.1,118.0,2022.0,2026-05-28 15:54:21,ok,
INVH,INVH,2026-05-29,,90.0,,,,,,(bid + ask) / 2,,,,,no_option_chain,No put option chain returned for selected expiration.
IP,IP,2026-05-29,33.32,90.0,29.988,29.0,0.0,0.05,0.025,(bid + ask) / 2,0.04,,336.0,2026-05-28 15:57:06,ok,
IQV,IQV,2026-05-29,,90.0,,,,,,(bid + ask) / 2,,,,,no_option_chain,No put option chain returned for selected expiration.
IR,IR,2026-05-29,,90.0,,,,,,(bid + ask) / 2,,,,,no_option_chain,No put option chain returned for selected expiration.
IRM,IRM,2026-05-29,126.83,90.0,114.147,114.0,0.0,0.05,0.025,(bid + ask) / 2,0.33,,2.0,2026-05-28 16:00:03,ok,
ISRG,ISRG,2026-05-29,423.63,90.0,381.267,380.0,0.0,1.2,0.6,(bid + ask) / 2,0.51,1.0,22.0,2026-05-28 15:56:08,ok,
IT,IT,2026-05-29,,90.0,,,,,,(bid + ask) / 2,,,,,no_option_chain,No put option chain returned for selected expiration.
ITW,ITW,2026-05-29,,90.0,,,,,,(bid + ask) / 2,,,,,no_option_chain,No put option chain returned for selected expiration.
IVZ,IVZ,2026-05-29,,90.0,,,,,,(bid + ask) / 2,,,,,no_option_chain,No put option chain returned for selected expiration.
J,J,2026-05-29,,90.0,,,,,,(bid + ask) / 2,,,,,no_option_chain,No put option chain returned for selected expiration.
JBHT,JBHT,2026-05-29,,90.0,,,,,,(bid + ask) / 2,,,,,no_option_chain,No put option chain returned for selected expiration.
JBL,JBL,2026-05-29,363.65,90.0,327.28499999999997,325.0,0.05,1.25,0.65,(bid + ask) / 2,0.25,,6.0,2026-05-28 16:00:01,ok,
JCI,JCI,2026-05-29,,90.0,,,,,,(bid + ask) / 2,,,,,no_option_chain,No put option chain returned for selected expiration.
JKHY,JKHY,2026-05-29,,90.0,,,,,,(bid + ask) / 2,,,,,no_option_chain,No put option chain returned for selected expiration.
JNJ,JNJ,2026-05-29,230.8,90.0,207.72000000000003,207.5,0.0,0.42,0.21,(bid + ask) / 2,0.02,2.0,8.0,2026-05-28 15:38:03,ok,
JPM,JPM,2026-05-29,296.73,90.0,267.057,265.0,0.0,0.02,0.01,(bid + ask) / 2,0.02,5.0,163.0,2026-05-28 14:48:38,ok,
KDP,KDP,2026-05-29,,90.0,,,,,,(bid + ask) / 2,,,,,no_option_chain,No put option chain returned for selected expiration.
KEY,KEY,2026-05-29,,90.0,,,,,,(bid + ask) / 2,,,,,no_option_chain,No put option chain returned for selected expiration.
KEYS,Keysight Technologies Inc.,2026-05-29,,90.0,,,,,,(bid + ask) / 2,,,,,no_option_chain,No put option chain returned for selected expiration.
KHC,KHC,2026-05-29,24.47,90.0,22.023,22.0,0.0,0.04,0.02,(bid + ask) / 2,0.01,1.0,540.0,2026-05-28 15:57:06,ok,
KIM,KIM,2026-05-29,,90.0,,,,,,(bid + ask) / 2,,,,,no_option_chain,No put option chain returned for selected expiration.
KKR,KKR,2026-05-29,94.03,90.0,84.62700000000001,84.0,0.0,0.05,0.025,(bid + ask) / 2,0.18,,26.0,2026-05-28 15:57:11,ok,
KLAC,KLAC,2026-05-29,,90.0,,,,,,(bid + ask) / 2,,,,,no_option_chain,No put option chain returned for selected expiration.
KMB,KMB,2026-05-29,100.14,90.0,90.126,90.0,0.0,1.0,0.5,(bid + ask) / 2,0.06,,169.0,2026-05-28 15:59:59,ok,
KMI,KMI,2026-05-29,31.91,90.0,28.719,28.5,0.0,0.02,0.01,(bid + ask) / 2,0.0,,0.0,2026-05-28 15:56:00,ok,
KO,KO,2026-05-29,80.41,90.0,72.369,72.0,0.0,0.02,0.01,(bid + ask) / 2,0.01,1.0,133.0,2026-05-28 15:55:27,ok,
KR,KR,2026-05-29,63.66,90.0,57.294,57.0,0.0,0.44,0.22,(bid + ask) / 2,0.58,,7.0,2026-05-28 15:59:59,ok,
KVUE,KVUE,2026-05-29,17.64,90.0,15.876000000000001,15.5,0.0,0.6,0.3,(bid + ask) / 2,0.03,1.0,134.0,2026-05-28 15:57:09,ok,
L,L,2026-05-29,,90.0,,,,,,(bid + ask) / 2,,,,,no_option_chain,No put option chain returned for selected expiration.
LDOS,LDOS,2026-05-29,,90.0,,,,,,(bid + ask) / 2,,,,,no_option_chain,No put option chain returned for selected expiration.
LEN,LEN,2026-05-29,89.75,90.0,80.775,80.0,0.0,0.5,0.25,(bid + ask) / 2,0.06,,68.0,2026-05-28 15:58:39,ok,
LH,LH,2026-05-29,,90.0,,,,,,(bid + ask) / 2,,,,,no_option_chain,No put option chain returned for selected expiration.
LHX,LHX,2026-05-29,314.78,90.0,283.30199999999996,282.5,0.0,0.5,0.25,(bid + ask) / 2,0.0,,0.0,2026-05-28 15:59:44,ok,
LII,LII,2026-05-29,,90.0,,,,,,(bid + ask) / 2,,,,,no_option_chain,No put option chain returned for selected expiration.
LIN,Linde plc,2026-05-29,,90.0,,,,,,(bid + ask) / 2,,,,,no_option_chain,No put option chain returned for selected expiration.
LITE,LITE,2026-05-29,860.62,90.0,774.558,770.0,0.55,1.2,0.875,(bid + ask) / 2,0.88,162.0,175.0,2026-05-28 15:55:57,ok,
LLY,LLY,2026-05-29,1126.8,90.0,1014.12,1012.5,0.05,0.89,0.47000000000000003,(bid + ask) / 2,0.08,1.0,44.0,2026-05-28 15:59:59,ok,
LMT,LMT,2026-05-29,537.21,90.0,483.48900000000003,482.5,0.0,7.0,3.5,(bid + ask) / 2,0.2,,39.0,2026-05-28 15:59:58,ok,
LNT,LNT,2026-05-29,,90.0,,,,,,(bid + ask) / 2,,,,,no_option_chain,No put option chain returned for selected expiration.
LOW,LOW,2026-05-29,217.92,90.0,196.128,195.0,0.0,1.7,0.85,(bid + ask) / 2,0.09,,24.0,2026-05-28 15:59:58,ok,
LRCX,Lam Research Corporation,2026-05-29,318.0,90.0,286.2,285.0,0.05,0.12,0.08499999999999999,(bid + ask) / 2,0.13,1064.0,1676.0,2026-05-28 15:46:56,ok,
LULU,LULU,2026-05-29,131.33,90.0,118.19700000000002,118.0,0.0,0.43,0.215,(bid + ask) / 2,0.01,2.0,148.0,2026-05-28 15:59:07,ok,
LUV,LUV,2026-05-29,43.31,90.0,38.979000000000006,38.5,0.0,0.05,0.025,(bid + ask) / 2,0.02,2.0,157.0,2026-05-28 15:46:10,ok,
LVS,LVS,2026-05-29,51.11,90.0,45.999,45.5,0.0,0.1,0.05,(bid + ask) / 2,0.02,,27.0,2026-05-28 15:59:28,ok,
LYB,LYB,2026-05-29,,90.0,,,,,,(bid + ask) / 2,,,,,no_option_chain,No put option chain returned for selected expiration.
LYV,LYV,2026-05-29,167.03,90.0,150.327,150.0,0.0,0.95,0.475,(bid + ask) / 2,1.1,,7.0,2026-05-28 15:59:15,ok,
MA,Mastercard Incorporated,2026-05-29,493.75,90.0,444.375,442.5,0.0,4.3,2.15,(bid + ask) / 2,0.1,,5.0,2026-05-28 15:59:58,ok,
MAA,MAA,2026-05-29,,90.0,,,,,,(bid + ask) / 2,,,,,no_option_chain,No put option chain returned for selected expiration.
MAR,"Marriott International, Inc.",2026-05-29,385.76,90.0,347.184,345.0,0.0,1.15,0.575,(bid + ask) / 2,0.5,,55.0,2026-05-28 15:59:57,ok,
MAS,MAS,2026-05-29,,90.0,,,,,,(bid + ask) / 2,,,,,no_option_chain,No put option chain returned for selected expiration.
MCD,MCD,2026-05-29,277.97,90.0,250.17300000000003,250.0,0.0,0.04,0.02,(bid + ask) / 2,0.02,13.0,110.0,2026-05-28 13:40:32,ok,
MCHP,MCHP,2026-05-29,96.04,90.0,86.436,86.0,0.0,0.95,0.475,(bid + ask) / 2,0.33,,35.0,2026-05-28 15:58:50,ok,
MCK,MCK,2026-05-29,,90.0,,,,,,(bid + ask) / 2,,,,,no_option_chain,No put option chain returned for selected expiration.
MCO,MCO,2026-05-29,,90.0,,,,,,(bid + ask) / 2,,,,,no_option_chain,No put option chain returned for selected expiration.
MDLZ,MDLZ,2026-05-29,62.39,90.0,56.151,56.0,0.0,0.05,0.025,(bid + ask) / 2,0.41,,4.0,2026-05-28 15:42:06,ok,
MDT,MDT,2026-05-29,75.57,90.0,68.01299999999999,68.0,0.0,0.08,0.04,(bid + ask) / 2,0.0,,0.0,2026-05-28 15:59:58,ok,
MELI,MELI,2026-05-29,1695.53,90.0,1525.977,1525.0,0.0,9.6,4.8,(bid + ask) / 2,2.41,,4.0,2026-05-28 15:59:42,ok,
MET,MET,2026-05-29,,90.0,,,,,,(bid + ask) / 2,,,,,no_option_chain,No put option chain returned for selected expiration.
META,META,2026-05-29,635.29,90.0,571.761,570.0,0.02,0.03,0.025,(bid + ask) / 2,0.02,261.0,3115.0,2026-05-28 15:59:59,ok,
MGM,MGM,2026-05-29,42.93,90.0,38.637,38.5,0.0,0.1,0.05,(bid + ask) / 2,0.05,5.0,116.0,2026-05-28 15:59:59,ok,
MKC,MKC,2026-05-29,,90.0,,,,,,(bid + ask) / 2,,,,,no_option_chain,No put option chain returned for selected expiration.
MLM,"Martin Marietta Materials, Inc.",2026-05-29,,90.0,,,,,,(bid + ask) / 2,,,,,no_option_chain,No put option chain returned for selected expiration.
MMM,MMM,2026-05-29,152.85,90.0,137.565,137.0,0.0,0.08,0.04,(bid + ask) / 2,0.09,1.0,123.0,2026-05-28 15:59:59,ok,
MNST,Monster Beverage Corporation,2026-05-29,,90.0,,,,,,(bid + ask) / 2,,,,,no_option_chain,No put option chain returned for selected expiration.
MO,MO,2026-05-29,71.97,90.0,64.773,64.0,0.0,0.01,0.005,(bid + ask) / 2,0.15,,87.0,2026-05-28 09:32:18,ok,
MOS,MOS,2026-05-29,24.06,90.0,21.654,21.5,0.0,0.05,0.025,(bid + ask) / 2,0.04,,311.0,2026-05-28 15:59:51,ok,
MPC,MPC,2026-05-29,,90.0,,,,,,(bid + ask) / 2,,,,,no_option_chain,No put option chain returned for selected expiration.
MPWR,MPWR,2026-05-29,,90.0,,,,,,(bid + ask) / 2,,,,,no_option_chain,No put option chain returned for selected expiration.
MRK,MRK,2026-05-29,119.89,90.0,107.901,107.0,0.0,0.02,0.01,(bid + ask) / 2,0.81,,35.0,2026-05-28 15:43:08,ok,
MRNA,MRNA,2026-05-29,47.57,90.0,42.813,42.5,0.0,0.05,0.025,(bid + ask) / 2,0.06,4.0,34.0,2026-05-28 15:59:59,ok,
MRSH,MRSH,2026-05-29,,90.0,,,,,,(bid + ask) / 2,,,,,no_option_chain,No put option chain returned for selected expiration.
MRVL,MRVL,2026-05-29,204.83,90.0,184.347,182.5,0.25,0.34,0.29500000000000004,(bid + ask) / 2,0.27,588.0,410.0,2026-05-28 16:00:00,ok,
MS,MS,2026-05-29,203.79,90.0,183.411,182.5,0.0,0.23,0.115,(bid + ask) / 2,0.03,2.0,782.0,2026-05-28 15:59:59,ok,
MSCI,MSCI,2026-05-29,,90.0,,,,,,(bid + ask) / 2,,,,,no_option_chain,No put option chain returned for selected expiration.
MSFT,MSFT,2026-05-29,426.99,90.0,384.291,382.5,0.01,0.07,0.04,(bid + ask) / 2,0.01,427.0,775.0,2026-05-28 15:59:59,ok,
MSI,"Motorola Solutions, Inc.",2026-05-29,,90.0,,,,,,(bid + ask) / 2,,,,,no_option_chain,No put option chain returned for selected expiration.
MSTR,MSTR,2026-05-29,151.64,90.0,136.476,136.0,0.04,0.15,0.095,(bid + ask) / 2,0.06,206.0,141.0,2026-05-28 15:59:59,ok,
MTB,MTB,2026-05-29,,90.0,,,,,,(bid + ask) / 2,,,,,no_option_chain,No put option chain returned for selected expiration.
MTD,MTD,2026-05-29,,90.0,,,,,,(bid + ask) / 2,,,,,no_option_chain,No put option chain returned for selected expiration.
MU,MU,2026-05-29,923.52,90.0,831.168,830.0,1.11,1.25,1.1800000000000002,(bid + ask) / 2,1.25,2394.0,1983.0,2026-05-28 15:59:59,ok,
NCLH,NCLH,2026-05-29,18.28,90.0,16.452,16.0,0.0,0.01,0.005,(bid + ask) / 2,0.01,30.0,5604.0,2026-05-28 14:26:31,ok,
NDAQ,NDAQ,2026-05-29,91.0,90.0,81.9,81.0,0.0,0.95,0.475,(bid + ask) / 2,0.71,,2.0,2026-05-28 16:00:01,ok,
NDSN,NDSN,2026-05-29,,90.0,,,,,,(bid + ask) / 2,,,,,no_option_chain,No put option chain returned for selected expiration.
NEE,NEE,2026-05-29,87.25,90.0,78.525,78.0,0.0,2.13,1.065,(bid + ask) / 2,0.0,,0.0,2026-05-28 16:00:01,ok,
NEM,NEM,2026-05-29,108.23,90.0,97.40700000000001,97.0,0.0,0.04,0.02,(bid + ask) / 2,0.11,,41.0,2026-05-28 15:59:59,ok,
NFLX,NFLX,2026-05-29,86.36,90.0,77.724,77.0,0.0,0.3,0.15,(bid + ask) / 2,0.01,,533.0,2026-05-28 15:59:59,ok,
NI,NI,2026-05-29,,90.0,,,,,,(bid + ask) / 2,,,,,no_option_chain,No put option chain returned for selected expiration.
NKE,NKE,2026-05-29,47.37,90.0,42.632999999999996,42.5,0.0,0.01,0.005,(bid + ask) / 2,0.01,30.0,1371.0,2026-05-28 14:03:57,ok,
NOC,NOC,2026-05-29,,90.0,,,,,,(bid + ask) / 2,,,,,no_option_chain,No put option chain returned for selected expiration.
NOW,"ServiceNow, Inc.",2026-05-29,108.73,90.0,97.857,97.0,0.0,0.05,0.025,(bid + ask) / 2,0.03,919.0,2183.0,2026-05-28 15:53:33,ok,
NRG,NRG,2026-05-29,137.5,90.0,123.75,123.0,0.0,1.1,0.55,(bid + ask) / 2,3.7,,1.0,2026-05-28 15:59:50,ok,
NSC,NSC,2026-05-29,,90.0,,,,,,(bid + ask) / 2,,,,,no_option_chain,No put option chain returned for selected expiration.
NTAP,NTAP,2026-05-29,,90.0,,,,,,(bid + ask) / 2,,,,,no_option_chain,No put option chain returned for selected expiration.
NTRS,NTRS,2026-05-29,,90.0,,,,,,(bid + ask) / 2,,,,,no_option_chain,No put option chain returned for selected expiration.
NUE,NUE,2026-05-29,,90.0,,,,,,(bid + ask) / 2,,,,,no_option_chain,No put option chain returned for selected expiration.
NVDA,NVIDIA Corporation,2026-05-29,214.25,90.0,192.82500000000002,192.5,0.01,0.02,0.015,(bid + ask) / 2,0.02,2723.0,4174.0,2026-05-28 15:59:59,ok,
NVR,NVR,2026-05-29,,90.0,,,,,,(bid + ask) / 2,,,,,no_option_chain,No put option chain returned for selected expiration.
NWS,NWS,2026-05-29,,90.0,,,,,,(bid + ask) / 2,,,,,no_option_chain,No put option chain returned for selected expiration.
NWSA,NWSA,2026-05-29,,90.0,,,,,,(bid + ask) / 2,,,,,no_option_chain,No put option chain returned for selected expiration.
NXPI,NXPI,2026-05-29,,90.0,,,,,,(bid + ask) / 2,,,,,no_option_chain,No put option chain returned for selected expiration.
O,O,2026-05-29,,90.0,,,,,,(bid + ask) / 2,,,,,no_option_chain,No put option chain returned for selected expiration.
ODFL,ODFL,2026-05-29,,90.0,,,,,,(bid + ask) / 2,,,,,no_option_chain,No put option chain returned for selected expiration.
OKE,OKE,2026-05-29,,90.0,,,,,,(bid + ask) / 2,,,,,no_option_chain,No put option chain returned for selected expiration.
OMC,OMC,2026-05-29,,90.0,,,,,,(bid + ask) / 2,,,,,no_option_chain,No put option chain returned for selected expiration.
ON,ON,2026-05-29,123.77,90.0,111.393,111.0,0.0,0.91,0.455,(bid + ask) / 2,0.5,,80.0,2026-05-28 16:00:01,ok,
ORCL,ORCL,2026-05-29,203.7,90.0,183.32999999999998,182.5,0.03,0.07,0.05,(bid + ask) / 2,0.07,625.0,1176.0,2026-05-28 15:59:59,ok,
ORLY,"O'Reilly Automotive, Inc.",2026-05-29,,90.0,,,,,,(bid + ask) / 2,,,,,no_option_chain,No put option chain returned for selected expiration.
OTIS,OTIS,2026-05-29,,90.0,,,,,,(bid + ask) / 2,,,,,no_option_chain,No put option chain returned for selected expiration.
OXY,OXY,2026-05-29,57.32,90.0,51.588,51.0,0.0,0.03,0.015,(bid + ask) / 2,0.03,,1056.0,2026-05-28 15:45:36,ok,
PANW,"Palo Alto Networks, Inc.",2026-05-29,257.77,90.0,231.993,230.0,0.01,0.26,0.135,(bid + ask) / 2,0.04,56.0,284.0,2026-05-28 15:56:06,ok,
PAYX,PAYX,2026-05-29,,90.0,,,,,,(bid + ask) / 2,,,,,no_option_chain,No put option chain returned for selected expiration.
PCAR,PCAR,2026-05-29,,90.0,,,,,,(bid + ask) / 2,,,,,no_option_chain,No put option chain returned for selected expiration.
PCG,PCG,2026-05-29,16.29,90.0,14.661,14.5,0.0,0.03,0.015,(bid + ask) / 2,0.04,,15.0,2026-05-28 16:00:01,ok,
PDD,PDD,2026-05-29,83.03,90.0,74.727,70.0,0.0,0.05,0.025,(bid + ask) / 2,0.02,4.0,5912.0,2026-05-28 15:55:01,ok,
PEG,PEG,2026-05-29,,90.0,,,,,,(bid + ask) / 2,,,,,no_option_chain,No put option chain returned for selected expiration.
PEP,PEP,2026-05-29,146.29,90.0,131.661,130.0,0.0,0.03,0.015,(bid + ask) / 2,0.1,,39.0,2026-05-28 15:37:22,ok,
PFE,PFE,2026-05-29,26.14,90.0,23.526,23.5,0.0,0.01,0.005,(bid + ask) / 2,0.08,,18.0,2026-05-28 09:43:03,ok,
PFG,PFG,2026-05-29,,90.0,,,,,,(bid + ask) / 2,,,,,no_option_chain,No put option chain returned for selected expiration.
PG,PG,2026-05-29,145.91,90.0,131.319,131.0,0.0,0.12,0.06,(bid + ask) / 2,0.26,,9.0,2026-05-28 15:59:58,ok,
PGR,PGR,2026-05-29,194.51,90.0,175.059,175.0,0.0,0.75,0.375,(bid + ask) / 2,0.28,,4.0,2026-05-28 15:59:59,ok,
PH,PH,2026-05-29,,90.0,,,,,,(bid + ask) / 2,,,,,no_option_chain,No put option chain returned for selected expiration.
PHM,PHM,2026-05-29,118.01,90.0,106.209,106.0,0.0,0.75,0.375,(bid + ask) / 2,0.27,,2.0,2026-05-28 15:58:34,ok,
PKG,PKG,2026-05-29,,90.0,,,,,,(bid + ask) / 2,,,,,no_option_chain,No put option chain returned for selected expiration.
PLD,PLD,2026-05-29,,90.0,,,,,,(bid + ask) / 2,,,,,no_option_chain,No put option chain returned for selected expiration.
PLTR,Palantir Technologies Inc. Class A,2026-05-29,143.34,90.0,129.006,129.0,0.02,0.03,0.025,(bid + ask) / 2,0.03,1498.0,2284.0,2026-05-28 15:59:59,ok,
PM,PM,2026-05-29,178.57,90.0,160.713,160.0,0.0,1.05,0.525,(bid + ask) / 2,0.05,,61.0,2026-05-28 15:59:58,ok,
PNC,PNC,2026-05-29,219.78,90.0,197.802,197.5,0.0,2.15,1.075,(bid + ask) / 2,0.03,,3.0,2026-05-28 15:57:02,ok,
PNR,PNR,2026-05-29,,90.0,,,,,,(bid + ask) / 2,,,,,no_option_chain,No put option chain returned for selected expiration.
PNW,PNW,2026-05-29,,90.0,,,,,,(bid + ask) / 2,,,,,no_option_chain,No put option chain returned for selected expiration.
PODD,PODD,2026-05-29,,90.0,,,,,,(bid + ask) / 2,,,,,no_option_chain,No put option chain returned for selected expiration.
POOL,POOL,2026-05-29,,90.0,,,,,,(bid + ask) / 2,,,,,no_option_chain,No put option chain returned for selected expiration.
PPG,PPG,2026-05-29,112.86,90.0,101.574,101.0,0.0,0.05,0.025,(bid + ask) / 2,1.01,,2.0,2026-05-28 16:00:00,ok,
PPL,PPL,2026-05-29,,90.0,,,,,,(bid + ask) / 2,,,,,no_option_chain,No put option chain returned for selected expiration.
PRU,PRU,2026-05-29,,90.0,,,,,,(bid + ask) / 2,,,,,no_option_chain,No put option chain returned for selected expiration.
PSA,PSA,2026-05-29,,90.0,,,,,,(bid + ask) / 2,,,,,no_option_chain,No put option chain returned for selected expiration.
PSKY,PSKY,2026-05-29,10.81,90.0,9.729000000000001,9.5,0.0,0.02,0.01,(bid + ask) / 2,0.01,18.0,513.0,2026-05-28 15:56:00,ok,
PSX,PSX,2026-05-29,176.71,90.0,159.03900000000002,157.5,0.0,2.15,1.075,(bid + ask) / 2,0.0,,0.0,2026-05-28 15:59:59,ok,
PTC,PTC,2026-05-29,,90.0,,,,,,(bid + ask) / 2,,,,,no_option_chain,No put option chain returned for selected expiration.
PWR,PWR,2026-05-29,,90.0,,,,,,(bid + ask) / 2,,,,,no_option_chain,No put option chain returned for selected expiration.
PYPL,PYPL,2026-05-29,44.46,90.0,40.014,40.0,0.0,0.01,0.005,(bid + ask) / 2,0.01,2.0,544.0,2026-05-28 13:14:34,ok,
Q,Q,2026-05-29,,90.0,,,,,,(bid + ask) / 2,,,,,no_option_chain,No put option chain returned for selected expiration.
QCOM,QCOM,2026-05-29,243.29,90.0,218.96099999999998,217.5,0.07,0.25,0.16,(bid + ask) / 2,0.14,148.0,463.0,2026-05-28 15:59:58,ok,
RCL,RCL,2026-05-29,281.29,90.0,253.16100000000003,252.5,0.0,1.3,0.65,(bid + ask) / 2,0.13,5.0,112.0,2026-05-28 16:00:03,ok,
REG,REG,2026-05-29,,90.0,,,,,,(bid + ask) / 2,,,,,no_option_chain,No put option chain returned for selected expiration.
REGN,REGN,2026-05-29,621.52,90.0,559.368,550.0,0.0,0.05,0.025,(bid + ask) / 2,0.05,,19.0,2026-05-28 09:58:52,ok,
RF,RF,2026-05-29,,90.0,,,,,,(bid + ask) / 2,,,,,no_option_chain,No put option chain returned for selected expiration.
RJF,RJF,2026-05-29,,90.0,,,,,,(bid + ask) / 2,,,,,no_option_chain,No put option chain returned for selected expiration.
RL,RL,2026-05-29,,90.0,,,,,,(bid + ask) / 2,,,,,no_option_chain,No put option chain returned for selected expiration.
RMD,RMD,2026-05-29,,90.0,,,,,,(bid + ask) / 2,,,,,no_option_chain,No put option chain returned for selected expiration.
ROK,ROK,2026-05-29,,90.0,,,,,,(bid + ask) / 2,,,,,no_option_chain,No put option chain returned for selected expiration.
ROL,"Rollins, Inc.",2026-05-29,,90.0,,,,,,(bid + ask) / 2,,,,,no_option_chain,No put option chain returned for selected expiration.
ROP,ROP,2026-05-29,,90.0,,,,,,(bid + ask) / 2,,,,,no_option_chain,No put option chain returned for selected expiration.
ROST,ROST,2026-05-29,227.2,90.0,204.48,202.5,0.0,0.95,0.475,(bid + ask) / 2,0.38,1.0,49.0,2026-05-28 16:00:02,ok,
RSG,RSG,2026-05-29,,90.0,,,,,,(bid + ask) / 2,,,,,no_option_chain,No put option chain returned for selected expiration.
RTX,RTX,2026-05-29,178.96,90.0,161.06400000000002,160.0,0.0,0.09,0.045,(bid + ask) / 2,0.04,3.0,158.0,2026-05-28 15:59:59,ok,
RVTY,RVTY,2026-05-29,,90.0,,,,,,(bid + ask) / 2,,,,,no_option_chain,No put option chain returned for selected expiration.
SATS,SATS,2026-05-29,131.07,90.0,117.963,117.0,0.0,0.05,0.025,(bid + ask) / 2,0.05,18.0,59.0,2026-05-28 15:59:59,ok,
SBAC,SBAC,2026-05-29,,90.0,,,,,,(bid + ask) / 2,,,,,no_option_chain,No put option chain returned for selected expiration.
SBUX,Starbucks Corporation,2026-05-29,100.75,90.0,90.675,90.0,0.0,0.05,0.025,(bid + ask) / 2,0.01,6.0,176.0,2026-05-28 15:19:47,ok,
SCHW,SCHW,2026-05-29,85.35,90.0,76.815,75.0,0.0,0.1,0.05,(bid + ask) / 2,0.01,,1765.0,2026-05-28 15:56:10,ok,
SHOP,SHOP,2026-05-29,115.03,90.0,103.527,103.0,0.0,0.04,0.02,(bid + ask) / 2,0.03,2665.0,3123.0,2026-05-28 15:56:01,ok,
SHW,SHW,2026-05-29,,90.0,,,,,,(bid + ask) / 2,,,,,no_option_chain,No put option chain returned for selected expiration.
SJM,SJM,2026-05-29,,90.0,,,,,,(bid + ask) / 2,,,,,no_option_chain,No put option chain returned for selected expiration.
SLB,SLB,2026-05-29,55.12,90.0,49.608,49.5,0.0,0.08,0.04,(bid + ask) / 2,0.0,,0.0,2026-05-28 15:59:59,ok,
SMCI,SMCI,2026-05-29,41.3,90.0,37.17,37.0,0.03,0.04,0.035,(bid + ask) / 2,0.04,1534.0,1090.0,2026-05-28 15:59:59,ok,
SNA,SNA,2026-05-29,,90.0,,,,,,(bid + ask) / 2,,,,,no_option_chain,No put option chain returned for selected expiration.
SNDK,SNDK,2026-05-29,1641.64,90.0,1477.476,1475.0,2.35,3.4,2.875,(bid + ask) / 2,2.96,432.0,125.0,2026-05-28 16:00:00,ok,
SNPS,"Synopsys, Inc.",2026-05-29,480.64,90.0,432.576,432.5,0.0,0.15,0.075,(bid + ask) / 2,0.11,28.0,13.0,2026-05-28 14:18:53,ok,
SO,SO,2026-05-29,92.52,90.0,83.268,83.0,0.0,4.8,2.4,(bid + ask) / 2,0.0,,0.0,2026-05-28 09:30:27,ok,
SOLV,SOLV,2026-05-29,,90.0,,,,,,(bid + ask) / 2,,,,,no_option_chain,No put option chain returned for selected expiration.
SPG,SPG,2026-05-29,,90.0,,,,,,(bid + ask) / 2,,,,,no_option_chain,No put option chain returned for selected expiration.
SPGI,S&P Global Inc.,2026-05-29,417.68,90.0,375.91200000000003,375.0,0.0,1.85,0.925,(bid + ask) / 2,0.15,,7.0,2026-05-28 15:59:43,ok,
SRE,SRE,2026-05-29,,90.0,,,,,,(bid + ask) / 2,,,,,no_option_chain,No put option chain returned for selected expiration.
STE,STE,2026-05-29,,90.0,,,,,,(bid + ask) / 2,,,,,no_option_chain,No put option chain returned for selected expiration.
STLD,STLD,2026-05-29,,90.0,,,,,,(bid + ask) / 2,,,,,no_option_chain,No put option chain returned for selected expiration.
STT,STT,2026-05-29,,90.0,,,,,,(bid + ask) / 2,,,,,no_option_chain,No put option chain returned for selected expiration.
STX,STX,2026-05-29,880.72,90.0,792.648,790.0,0.05,3.5,1.775,(bid + ask) / 2,0.43,137.0,163.0,2026-05-28 16:00:04,ok,
STZ,STZ,2026-05-29,142.13,90.0,127.917,127.0,0.0,0.05,0.025,(bid + ask) / 2,0.28,,3.0,2026-05-28 15:59:52,ok,
SW,SW,2026-05-29,,90.0,,,,,,(bid + ask) / 2,,,,,no_option_chain,No put option chain returned for selected expiration.
SWK,SWK,2026-05-29,,90.0,,,,,,(bid + ask) / 2,,,,,no_option_chain,No put option chain returned for selected expiration.
SWKS,SWKS,2026-05-29,,90.0,,,,,,(bid + ask) / 2,,,,,no_option_chain,No put option chain returned for selected expiration.
SYF,SYF,2026-05-29,,90.0,,,,,,(bid + ask) / 2,,,,,no_option_chain,No put option chain returned for selected expiration.
SYK,SYK,2026-05-29,,90.0,,,,,,(bid + ask) / 2,,,,,no_option_chain,No put option chain returned for selected expiration.
SYY,SYY,2026-05-29,,90.0,,,,,,(bid + ask) / 2,,,,,no_option_chain,No put option chain returned for selected expiration.
T,T,2026-05-29,24.88,90.0,22.392,22.0,0.0,0.01,0.005,(bid + ask) / 2,0.03,,22.0,2026-05-28 09:30:59,ok,
TAP,TAP,2026-05-29,,90.0,,,,,,(bid + ask) / 2,,,,,no_option_chain,No put option chain returned for selected expiration.
TDG,TDG,2026-05-29,,90.0,,,,,,(bid + ask) / 2,,,,,no_option_chain,No put option chain returned for selected expiration.
TDY,TDY,2026-05-29,,90.0,,,,,,(bid + ask) / 2,,,,,no_option_chain,No put option chain returned for selected expiration.
TECH,TECH,2026-05-29,,90.0,,,,,,(bid + ask) / 2,,,,,no_option_chain,No put option chain returned for selected expiration.
TEL,TEL,2026-05-29,,90.0,,,,,,(bid + ask) / 2,,,,,no_option_chain,No put option chain returned for selected expiration.
TER,TER,2026-05-29,382.65,90.0,344.385,342.5,0.0,0.9,0.45,(bid + ask) / 2,0.5,5.0,105.0,2026-05-28 16:00:01,ok,
TFC,TFC,2026-05-29,,90.0,,,,,,(bid + ask) / 2,,,,,no_option_chain,No put option chain returned for selected expiration.
TGT,TGT,2026-05-29,128.65,90.0,115.78500000000001,115.0,0.0,0.17,0.085,(bid + ask) / 2,0.02,15.0,489.0,2026-05-28 15:59:59,ok,
TJX,TJX,2026-05-29,154.89,90.0,139.40099999999998,139.0,0.0,2.15,1.075,(bid + ask) / 2,0.3,,12.0,2026-05-28 15:59:59,ok,
TKO,TKO,2026-05-29,,90.0,,,,,,(bid + ask) / 2,,,,,no_option_chain,No put option chain returned for selected expiration.
TMO,TMO,2026-05-29,487.22,90.0,438.49800000000005,437.5,0.0,4.8,2.4,(bid + ask) / 2,1.53,,28.0,2026-05-28 15:47:45,ok,
TMUS,TMUS,2026-05-29,189.01,90.0,170.109,170.0,0.0,0.2,0.1,(bid + ask) / 2,0.2,,46.0,2026-05-28 15:59:57,ok,
TPL,TPL,2026-05-29,,90.0,,,,,,(bid + ask) / 2,,,,,no_option_chain,No put option chain returned for selected expiration.
TPR,TPR,2026-05-29,145.39,90.0,130.851,130.0,0.0,0.85,0.425,(bid + ask) / 2,3.0,,15.0,2026-05-28 15:58:40,ok,
TRGP,TRGP,2026-05-29,,90.0,,,,,,(bid + ask) / 2,,,,,no_option_chain,No put option chain returned for selected expiration.
TRI,TRI,2026-05-29,,90.0,,,,,,(bid + ask) / 2,,,,,no_option_chain,No put option chain returned for selected expiration.
TRMB,TRMB,2026-05-29,,90.0,,,,,,(bid + ask) / 2,,,,,no_option_chain,No put option chain returned for selected expiration.
TROW,TROW,2026-05-29,,90.0,,,,,,(bid + ask) / 2,,,,,no_option_chain,No put option chain returned for selected expiration.
TRV,TRV,2026-05-29,,90.0,,,,,,(bid + ask) / 2,,,,,no_option_chain,No put option chain returned for selected expiration.
TSCO,TSCO,2026-05-29,31.37,90.0,28.233,28.0,0.0,0.15,0.075,(bid + ask) / 2,0.04,,143.0,2026-05-28 15:59:43,ok,
TSLA,Tesla Inc.,2026-05-29,442.1,90.0,397.89000000000004,397.5,0.04,0.06,0.05,(bid + ask) / 2,0.03,596.0,1902.0,2026-05-28 15:59:59,ok,
TSN,TSN,2026-05-29,,90.0,,,,,,(bid + ask) / 2,,,,,no_option_chain,No put option chain returned for selected expiration.
TT,TT,2026-05-29,,90.0,,,,,,(bid + ask) / 2,,,,,no_option_chain,No put option chain returned for selected expiration.
TTD,TTD,2026-05-29,21.15,90.0,19.035,19.0,0.0,0.01,0.005,(bid + ask) / 2,0.11,1.0,282.0,2026-05-28 15:34:10,ok,
TTWO,TTWO,2026-05-29,217.87,90.0,196.083,195.0,0.0,0.35,0.175,(bid + ask) / 2,0.05,2.0,406.0,2026-05-28 15:59:55,ok,
TXN,Texas Instruments Incorporated,2026-05-29,315.95,90.0,284.355,282.5,0.0,0.91,0.455,(bid + ask) / 2,0.18,2.0,36.0,2026-05-28 15:59:58,ok,
TXT,TXT,2026-05-29,,90.0,,,,,,(bid + ask) / 2,,,,,no_option_chain,No put option chain returned for selected expiration.
TYL,"Tyler Technologies, Inc.",2026-05-29,,90.0,,,,,,(bid + ask) / 2,,,,,no_option_chain,No put option chain returned for selected expiration.
UAL,UAL,2026-05-29,115.06,90.0,103.554,103.0,0.0,0.45,0.225,(bid + ask) / 2,0.05,4.0,112.0,2026-05-28 15:59:59,ok,
UBER,UBER,2026-05-29,70.92,90.0,63.828,63.0,0.0,0.02,0.01,(bid + ask) / 2,0.02,4.0,25.0,2026-05-28 15:42:55,ok,
UDR,UDR,2026-05-29,,90.0,,,,,,(bid + ask) / 2,,,,,no_option_chain,No put option chain returned for selected expiration.
UHS,UHS,2026-05-29,,90.0,,,,,,(bid + ask) / 2,,,,,no_option_chain,No put option chain returned for selected expiration.
ULTA,ULTA,2026-05-29,520.15,90.0,468.135,467.5,0.0,3.7,1.85,(bid + ask) / 2,0.0,,0.0,2026-05-28 15:59:59,ok,
UNH,UnitedHealth Group Incorporated,2026-05-29,382.53,90.0,344.277,340.0,0.0,0.05,0.025,(bid + ask) / 2,0.02,11.0,1265.0,2026-05-28 15:59:59,ok,
UNP,UNP,2026-05-29,267.0,90.0,240.3,240.0,0.0,2.15,1.075,(bid + ask) / 2,0.1,,7.0,2026-05-28 15:59:58,ok,
UPS,UPS,2026-05-29,106.67,90.0,96.003,96.0,0.0,0.25,0.125,(bid + ask) / 2,0.05,,393.0,2026-05-28 15:56:00,ok,
URI,URI,2026-05-29,988.42,90.0,889.578,885.0,0.0,4.8,2.4,(bid + ask) / 2,1.43,,16.0,2026-05-28 15:59:56,ok,
USB,USB,2026-05-29,54.45,90.0,49.005,49.0,0.0,0.22,0.11,(bid + ask) / 2,0.02,,22.0,2026-05-28 15:59:58,ok,
V,Visa Inc.,2026-05-29,324.95,90.0,292.455,290.0,0.01,0.05,0.030000000000000002,(bid + ask) / 2,0.02,31.0,762.0,2026-05-28 15:59:58,ok,
VEEV,Veeva Systems Inc.,2026-05-29,,90.0,,,,,,(bid + ask) / 2,,,,,no_option_chain,No put option chain returned for selected expiration.
VICI,VICI,2026-05-29,,90.0,,,,,,(bid + ask) / 2,,,,,no_option_chain,No put option chain returned for selected expiration.
VLO,VLO,2026-05-29,244.85,90.0,220.365,220.0,0.0,0.3,0.15,(bid + ask) / 2,0.05,2.0,49.0,2026-05-28 16:00:01,ok,
VLTO,VLTO,2026-05-29,,90.0,,,,,,(bid + ask) / 2,,,,,no_option_chain,No put option chain returned for selected expiration.
VMC,VMC,2026-05-29,,90.0,,,,,,(bid + ask) / 2,,,,,no_option_chain,No put option chain returned for selected expiration.
VRSK,"Verisk Analytics, Inc.",2026-05-29,,90.0,,,,,,(bid + ask) / 2,,,,,no_option_chain,No put option chain returned for selected expiration.
VRSN,VRSN,2026-05-29,,90.0,,,,,,(bid + ask) / 2,,,,,no_option_chain,No put option chain returned for selected expiration.
VRT,VRT,2026-05-29,314.18,90.0,282.762,282.5,0.0,0.1,0.05,(bid + ask) / 2,0.05,54.0,65.0,2026-05-28 15:59:18,ok,
VRTX,VRTX,2026-05-29,447.97,90.0,403.17300000000006,400.0,0.0,4.8,2.4,(bid + ask) / 2,0.15,,18.0,2026-05-28 14:13:10,ok,
VST,VST,2026-05-29,160.28,90.0,144.252,144.0,0.0,0.12,0.06,(bid + ask) / 2,0.01,10.0,185.0,2026-05-28 15:59:59,ok,
VTR,VTR,2026-05-29,,90.0,,,,,,(bid + ask) / 2,,,,,no_option_chain,No put option chain returned for selected expiration.
VTRS,VTRS,2026-05-29,,90.0,,,,,,(bid + ask) / 2,,,,,no_option_chain,No put option chain returned for selected expiration.
VZ,VZ,2026-05-29,48.01,90.0,43.208999999999996,43.0,0.0,0.01,0.005,(bid + ask) / 2,0.01,4.0,151.0,2026-05-28 15:59:58,ok,
WAB,WAB,2026-05-29,,90.0,,,,,,(bid + ask) / 2,,,,,no_option_chain,No put option chain returned for selected expiration.
WAT,WAT,2026-05-29,,90.0,,,,,,(bid + ask) / 2,,,,,no_option_chain,No put option chain returned for selected expiration.
WBD,WBD,2026-05-29,27.04,90.0,24.336,24.0,0.0,0.01,0.005,(bid + ask) / 2,0.01,34.0,26.0,2026-05-28 16:00:03,ok,
WDAY,WDAY,2026-05-29,130.01,90.0,117.009,117.0,0.0,0.05,0.025,(bid + ask) / 2,0.08,57.0,67.0,2026-05-28 15:59:29,ok,
WDC,WDC,2026-05-29,531.18,90.0,478.06199999999995,477.5,0.05,0.88,0.465,(bid + ask) / 2,0.42,50.0,62.0,2026-05-28 15:59:59,ok,
WEC,WEC,2026-05-29,,90.0,,,,,,(bid + ask) / 2,,,,,no_option_chain,No put option chain returned for selected expiration.
WELL,Welltower Inc.,2026-05-29,,90.0,,,,,,(bid + ask) / 2,,,,,no_option_chain,No put option chain returned for selected expiration.
WFC,WFC,2026-05-29,76.65,90.0,68.98500000000001,68.0,0.0,0.01,0.005,(bid + ask) / 2,0.04,40.0,679.0,2026-05-28 13:56:18,ok,
WM,WM,2026-05-29,,90.0,,,,,,(bid + ask) / 2,,,,,no_option_chain,No put option chain returned for selected expiration.
WMB,WMB,2026-05-29,73.13,90.0,65.817,65.0,0.0,0.25,0.125,(bid + ask) / 2,0.05,,1.0,2026-05-28 16:00:01,ok,
WMT,WMT,2026-05-29,118.9,90.0,107.01,107.0,0.0,0.06,0.03,(bid + ask) / 2,0.06,14.0,38.0,2026-05-28 15:59:59,ok,
WRB,WRB,2026-05-29,,90.0,,,,,,(bid + ask) / 2,,,,,no_option_chain,No put option chain returned for selected expiration.
WSM,WSM,2026-05-29,,90.0,,,,,,(bid + ask) / 2,,,,,no_option_chain,No put option chain returned for selected expiration.
WST,"West Pharmaceutical Services, Inc.",2026-05-29,,90.0,,,,,,(bid + ask) / 2,,,,,no_option_chain,No put option chain returned for selected expiration.
WTW,WTW,2026-05-29,,90.0,,,,,,(bid + ask) / 2,,,,,no_option_chain,No put option chain returned for selected expiration.
WY,WY,2026-05-29,,90.0,,,,,,(bid + ask) / 2,,,,,no_option_chain,No put option chain returned for selected expiration.
WYNN,WYNN,2026-05-29,101.54,90.0,91.38600000000001,91.0,0.0,0.97,0.485,(bid + ask) / 2,0.04,,130.0,2026-05-28 15:59:56,ok,
XEL,XEL,2026-05-29,,90.0,,,,,,(bid + ask) / 2,,,,,no_option_chain,No put option chain returned for selected expiration.
XOM,XOM,2026-05-29,146.96,90.0,132.264,132.0,0.0,0.01,0.005,(bid + ask) / 2,0.03,,10.0,2026-05-28 14:20:42,ok,
XYL,XYL,2026-05-29,,90.0,,,,,,(bid + ask) / 2,,,,,no_option_chain,No put option chain returned for selected expiration.
XYZ,XYZ,2026-05-29,74.35,90.0,66.91499999999999,66.0,0.0,0.02,0.01,(bid + ask) / 2,0.02,941.0,1366.0,2026-05-28 15:54:51,ok,
YUM,YUM,2026-05-29,,90.0,,,,,,(bid + ask) / 2,,,,,no_option_chain,No put option chain returned for selected expiration.
ZBH,ZBH,2026-05-29,,90.0,,,,,,(bid + ask) / 2,,,,,no_option_chain,No put option chain returned for selected expiration.
ZBRA,ZBRA,2026-05-29,,90.0,,,,,,(bid + ask) / 2,,,,,no_option_chain,No put option chain returned for selected expiration.
ZS,"Zscaler, Inc.",2026-05-29,130.04,90.0,117.036,117.0,0.03,0.04,0.035,(bid + ask) / 2,0.04,141.0,159.0,2026-05-28 15:59:59,ok,
ZTS,ZTS,2026-05-29,,90.0,,,,,,(bid + ask) / 2,,,,,no_option_chain,No put option chain returned for selected expiration.
